time,seconds_elapsed,z,y,x
1772797783020368400,0.086368408203125,0.0015799626678228377,-0.018152235952671618,0.03414093719590455
1772797783030394400,0.096394287109375,-0.06906652196347714,0.012110855162888765,-0.01993522864561528
1772797783040420600,0.106420654296875,0.0016477672070264815,0.026822229946684092,-0.042352958289347584
1772797783050447400,0.116447265625,0.0036509237229824065,0.021596750383358447,-0.01835446226019412
1772797783060473300,0.126473388671875,-0.029357027387619018,0.0025070874501019716,-0.003909684257023037
1772797783070499300,0.136499267578125,0.045889059993624685,-0.023169388261251152,0.010694449026323855
1772797783080526300,0.1465263671875,0.17494740158319472,-0.029917419483046978,0.021905469272658226
1772797783090552300,0.15655224609375,0.13818915802836418,-0.031403292392939326,0.03975903280600905
1772797783100578300,0.166578369140625,0.02240998472869396,-0.015850772343575955,0.023717121804505584
1772797783110604500,0.1766044921875,-0.006793313401937485,0.010017189085576682,-0.012432049941271542
1772797783120631600,0.186631591796875,0.010167758271098136,0.025204876144230365,-0.030265082143247125
1772797783130657500,0.196657470703125,0.004784311667084693,0.012447959896456449,-0.015937537311576305
1772797783140683500,0.20668359375,0.0046925417304039,0.0070772449098527425,-0.004485730579309165
1772797783150710300,0.216710205078125,0.05296703555583954,-0.020200053594261407,0.001023899687640369
1772797783160736300,0.226736328125,0.1180015255242586,-0.011193192328698932,0.014891133531183003
1772797783170762500,0.236762451171875,0.094770287540555,-0.025716405862942337,0.022939488495513794
1772797783180789500,0.24678955078125,0.03377309026420116,-0.01867247870080173,0.0128854197319597
1772797783190815500,0.2568154296875,0.024204466930031775,0.00004036854300647974,-0.0011485855132341385
1772797783200841500,0.266841552734375,0.02138824046552181,0.012230755215510725,-0.016021306604892014
1772797783210867500,0.276867431640625,0.00916939488351345,0.0023540523128584025,-0.014202968603931367
1772797783220894500,0.28689453125,0.015604396367073059,0.009833448282815516,0.001705781004577875
1772797783230920200,0.296920166015625,0.05348901360332965,-0.011121314402576535,0.0039774887962266805
1772797783240946400,0.306946533203125,0.08622866916656494,-0.009074063016567378,0.015384360408224164
1772797783250973400,0.316973388671875,0.06670271544158458,-0.0128658382486552,0.01678330395333469
1772797783260999400,0.32699951171875,0.05621405465304851,-0.003457556575350463,0.006052760700322687
1772797783271025400,0.337025390625,0.0425508554816246,-0.0064743288469500835,-0.01217515257075429
1772797783281052400,0.347052490234375,0.03747779000103473,0.006019442952610552,-0.002693842193856835
1772797783291078400,0.357078369140625,0.02050736597776413,0.008234890512377023,-0.0035503859579563138
1772797783301104400,0.3671044921875,0.04196574907004833,0.005238740903697908,0.004237710634991526
1772797783311130600,0.377130615234375,0.06269581788778304,-0.00817174388198182,0.016961619662307203
1772797783321157400,0.387157470703125,0.06627601446211338,-0.012695084791630507,0.007496858561411499
1772797783331183400,0.397183349609375,0.06453764636218548,-0.012291600290965288,0.012923852046206592
1772797783341209300,0.407209228515625,0.053848494565486904,-0.015435213812626898,0.0109195630190894
1772797783351236400,0.417236328125,0.03760346220731735,-0.006380732279364019,0.004759761747717857
1772797783361262300,0.427262451171875,0.03731938456892967,0.003911054230201989,0.0020157968018203972
1772797783371288600,0.43728857421875,0.04012859677076339,0.0009918057826347648,0.0036288945542648434
1772797783381315600,0.447315673828125,0.05429448476731777,0.00045618280228227373,-0.0019701675618067384
1772797783391341600,0.457341552734375,0.05920388411879539,-0.007627846263628452,0.01319569125752896
1772797783401367600,0.467367431640625,0.06728489924371242,-0.012860212225466966,0.010980609023943542
1772797783411393300,0.477393310546875,0.06119242758750915,-0.017952749591507017,0.006011369244009256
1772797783421420300,0.487420166015625,0.05929682309925556,-0.013729231878649443,0.0012900398105382919
1772797783431446300,0.4974462890625,0.05170154566466808,-0.005434665334597229,0.004603621337935329
1772797783441472500,0.507472412109375,0.04243278205990791,0.012198588245268911,0.000056077568791806696
1772797783451499500,0.51749951171875,0.043314825591444964,0.006311466435436159,0.003734875679388642
1772797783461525500,0.527525390625,0.04598375253975391,0.00527845185957849,-0.002337941428273916
1772797783471551500,0.537551513671875,0.050153731700778005,-0.004396682322677224,0.007200469430722296
1772797783481578200,0.547578125,0.04700082062780857,-0.007404997293185442,0.016306041830405592
1772797783491604200,0.557604248046875,0.049558103895187375,-0.01912736459514126,0.005827025653049349
1772797783501630200,0.567630126953125,0.07067512620389461,-0.007218607875611633,0.026763869089260695
1772797783511656400,0.577656494140625,0.058438160443305964,0.004577098657190799,0.004913308341614902
1772797783521683500,0.587683349609375,0.05233107573986053,0.004925912094861268,-0.00011617372557520865
1772797783531709400,0.59770947265625,0.07374035899341105,-0.004145429241657257,-0.003354023135639727
1772797783541735400,0.6077353515625,0.040814825469255446,-0.013775062048062682,-0.013394026841223238
1772797783551762400,0.617762451171875,0.05157236632704734,0.0027780133459717033,-0.004500124430842698
1772797783561788400,0.627788330078125,0.050208092236518856,-0.012636395140644163,0.0029523104669526216
1772797783571814700,0.637814697265625,0.03747428286969662,-0.018989892353210597,0.01357961254119873
1772797783581841400,0.64784130859375,0.046747722649574275,0.00199475401379168,0.0034852117672562596
1772797783591867400,0.657867431640625,0.06291442907452582,0.003542385314591229,0.02002433170117438
1772797783601893400,0.667893310546875,0.05154489379823207,0.01002553678881377,0.010800978140719234
1772797783611919400,0.67791943359375,0.050071898636221884,0.001972103790566325,0.006749218531884252
1772797783621946400,0.6879462890625,0.04484744198620319,0.0018520210748538375,0.004342449651099741
1772797783631972400,0.697972412109375,0.04066577238738536,0.013110734654124826,0.0007842091802507639
1772797783641998600,0.70799853515625,0.041564182531833645,0.011980214520543812,0.003585968727990985
1772797783652025300,0.718025390625,0.04395312349498272,0.0003156052878126502,0.011094042803160845
1772797783662051300,0.72805126953125,0.05710369696915149,-0.003923913711775094,-0.0017344956424087286
1772797783672077300,0.738077392578125,0.03629004152119159,0.0017932948912493883,-0.0016038915326818822
1772797783682104300,0.748104248046875,0.047207156854867934,-0.0025090054125525055,-0.00017005933728069065
1772797783692130300,0.75813037109375,0.04107318414449691,-0.014331453821808098,0.008581950384378433
1772797783702156500,0.768156494140625,0.052748424369096755,-0.014637925955094395,0.005021810217387974
1772797783712183600,0.77818359375,0.05349836595356464,-0.010472622969187795,0.012776552530005574
1772797783722209500,0.78820947265625,0.05843173070251941,-0.007356390644796192,0.018625680417008697
1772797783732235500,0.798235595703125,0.06545943738222122,-0.018780998842883853,0.020112411843426523
1772797783742261500,0.808261474609375,0.057686465293169016,-0.013279533616080879,0.008823029131256044
1772797783752288300,0.818288330078125,0.05530044693946838,-0.003383322295360267,0.002799640655890107
1772797783762314200,0.828314208984375,0.047076223951578136,0.00030128450151532886,0.011789514254033564
1772797783772340500,0.838340576171875,0.049040802022814745,0.00042324864706024527,0.011381627572886644
1772797783782367500,0.848367431640625,0.05758885013759136,-0.018502802956011144,0.006099376321025193
1772797783792393500,0.8583935546875,0.06477671581506729,-0.019949622497148812,0.002720803266018629
1772797783802419000,0.8684189453125,0.05505787035524845,-0.012867957140505313,0.004240633244439959
1772797783812446000,0.878446044921875,0.04309796797037124,-0.0030863303764723238,0.01273190967068076
1772797783822472000,0.888471923828125,0.06077449443638324,0.0048353842671960585,0.015331388111971317
1772797783832498000,0.898497802734375,0.06633797378242015,0.006554974601417779,0.0063012921012938015
1772797783842524700,0.908524658203125,0.052747839847207066,0.012853252761717886,0.0020229206623509524
1772797783852551000,0.918551025390625,0.04154138617813587,-0.0012104535019956527,-0.016478768048807976
1772797783862577000,0.928576904296875,0.04602876072525978,-0.009545571252144872,-0.004912102765217423
1772797783872603000,0.938602783203125,0.06321136619448661,-0.012094908675085753,-0.01111702181994915
1772797783882630000,0.9486298828125,0.057654316589236254,-0.001892955873440951,-0.0028184914868324995
1772797783892655900,0.95865576171875,0.0582405920445919,-0.005582348443288356,-0.00008738602250814438
1772797783902681900,0.968681884765625,0.05853986725211143,0.009734390088822691,-0.016195676791109143
1772797783912709000,0.978709228515625,0.05016600666046142,0.005738653249852359,0.0035066564140841363
1772797783922734800,0.98873486328125,0.03820493523180485,0.0068057710247114295,-0.021375307918712495
1772797783932760800,0.9987607421875,0.04866904610097408,0.002268492921255529,-0.0005914630871266126
1772797783942787800,1.008787841796875,0.042050504744052884,0.007274703710712492,-0.0037462738562375306
1772797783952813800,1.018813720703125,0.01775660596489906,0.009843987943138927,-0.0030058307524770496
1772797783962839800,1.02883984375,0.0419540586322546,0.0006363982073962688,0.006968743034079671
1772797783972866800,1.03886669921875,0.052823827692866324,0.00468362777158618,0.015166699069552123
1772797783982893000,1.04889306640625,0.04171382013559341,-0.023889555761963128,0.008421681788749993
1772797783992919000,1.0589189453125,0.05770283190608024,-0.011767923476733267,0.0028164091276004907
1772797784002945000,1.068945068359375,0.07235387307107448,-0.0068810647506266824,0.0035199908196926113
1772797784012971800,1.0789716796875,0.07832242608666419,-0.001316416360810399,-0.005482084672898054
1772797784022997800,1.088997802734375,0.06258125159740448,0.007916253017261624,0.006428206416592002
1772797784033023700,1.099023681640625,0.021864041283726692,0.02021134217325598,-0.002551255385391414
1772797784043050800,1.10905078125,0.05399637860357761,0.0022295126177370546,0.03841510738376528
1772797784053077000,1.119076904296875,0.04811024317443371,-0.02157921472666785,0.004098411762155592
1772797784063103000,1.12910302734375,0.03880056303739547,0.022971418003737924,0.010816687166504562
1772797784073130000,1.1391298828125,0.029950901627540587,0.002567695063538849,0.05096197934374213
1772797784083156000,1.149156005859375,0.033247605085372924,0.006434216032270341,0.04030651062093675
1772797784093182000,1.159181884765625,0.030741759744286536,-0.0014198219363577662,0.04185932955350727
1772797784103208700,1.169208740234375,0.038702363359928126,0.0012586034926585852,0.03352656815722584
1772797784113235000,1.17923486328125,0.06281447583138942,-0.020477226567827165,0.012558306669443846
1772797784123261000,1.189260986328125,0.06358195307254791,-0.00328039164384827,-0.02919927954263985
1772797784133288000,1.199287841796875,0.07959551476240158,-0.025629860090650616,-0.014271942186914384
1772797784143314000,1.20931396484375,0.08556406777799129,-0.006703954618051648,-0.017945516133122143
1772797784153340000,1.21933984375,0.046942952960729596,-0.023646029329672455,-0.012114033500663935
1772797784163366000,1.229365966796875,0.05694938319027423,-0.023898159193526954,0.028582280155457555
1772797784173393000,1.239392822265625,0.04392272835671902,0.004203881430625916,-0.001491480666771531
1772797784183419000,1.2494189453125,0.03376139982640743,0.04005607952382415,-0.0167293818090111
1772797784193444900,1.25944482421875,0.029722353568673133,-0.004551251829881221,0.011836787461861967
1772797784203472000,1.269471923828125,0.0488730442404747,0.010979750507418066,0.007912051766179502
1772797784213497900,1.279497802734375,0.031043957561254498,0.004182856908906251,0.031481800989247855
1772797784223523800,1.28952392578125,0.027127076378464697,0.003560560292098671,0.02993194119874388
1772797784233550800,1.29955078125,0.03609481121003628,0.009470588053483515,0.030064773798175154
1772797784243576800,1.309576904296875,0.05181611195504665,0.012618329760991037,0.00424954720325768
1772797784253603000,1.31960302734375,0.06247837574481964,0.017236326684150843,-0.0036884061891585586
1772797784263629800,1.3296298828125,0.024351766446232794,-0.010765176174975931,-0.0048934345973655575
1772797784273655800,1.33965576171875,0.05561667328178882,-0.024407241226825863,0.019052673657424746
1772797784283681800,1.349681884765625,0.08656418473124504,0.006789623607508837,0.0009860518952831624
1772797784293708800,1.359708740234375,0.0426858800381422,-0.014617851281445472,0.001589388083294034
1772797784303734800,1.36973486328125,0.012300678646564483,-0.0024571108285337687,-0.0008942088933661579
1772797784313761000,1.379760986328125,0.08727087169587612,-0.004963796419836581,-0.005257701332494616
1772797784323787000,1.389787109375,0.08070785991847515,-0.021825864697806535,0.012739837248809635
1772797784333814000,1.39981396484375,0.038682489615678786,-0.004416008077654987,0.00233695504758507
1772797784343840000,1.409840087890625,0.025815409258008,-0.008845021767355502,0.03353997562807053
1772797784353866000,1.419865966796875,0.0476531470566988,-0.01300950276935473,0.009632518883235752
1772797784363892700,1.429892822265625,0.0689022713124752,-0.011058807092998175,0.007198971593379974
1772797784373918700,1.439918701171875,0.037620997864007945,-0.012052366441302,0.009613010465167462
1772797784383945000,1.449945068359375,0.04989654206931591,0.00926545740282163,-0.012462189351208507
1772797784393972000,1.459971923828125,0.050204585105180735,-0.0159844269269146,0.017902590306848286
1772797784403998000,1.469998046875,0.04333996003270149,-0.0011180625108070672,-0.0026660043388605117
1772797784414024000,1.48002392578125,0.03092939127087593,-0.008881773581169546,0.01101852988153696
1772797784424050700,1.49005078125,0.04109013527929783,-0.01398872306505218,0.011058386967889964
1772797784434076700,1.50007666015625,0.06052957976460457,0.012527984596416353,0.012648980627581477
1772797784444103000,1.51010302734375,0.045702597510814666,-0.02428476562462747,0.0328910467326641
1772797784454129000,1.52012890625,0.05035363818705082,0.006858907717745751,0.0043920974791049954
1772797784464156000,1.530156005859375,0.05740004956722259,-0.005654299434646964,0.004053513174504041
1772797784474182000,1.540181884765625,0.04843991352021694,-0.008164419092051685,0.015085961983539163
1772797784484207900,1.550207763671875,0.02616144621670246,0.006145078626275062,0.005185111020319163
1772797784494235000,1.56023486328125,0.04981646257042884,-0.001036923565994948,0.01077569756899029
1772797784504260900,1.5702607421875,0.048612347477674483,-0.014770100967399774,0.001141717381030321
1772797784514287000,1.580287109375,0.0379804788261652,-0.0021892902052029965,-0.001928958768583834
1772797784524313900,1.59031396484375,0.04231646220386028,-0.004617047075089067,0.01137673220206052
1772797784534339800,1.60033984375,0.05340601149499416,0.00039475320493802425,0.004234313101507723
1772797784544365800,1.61036572265625,0.05447042585611343,-0.0016776508886367082,0.005593874484300613
1772797784554392800,1.620392822265625,0.03876198459267616,0.00028088103430345653,0.008731039998866617
1772797784564418800,1.630418701171875,0.02514671621620655,-0.002329940784908831,0.018319573609903453
1772797784574444800,1.64044482421875,0.024853286227583885,-0.0006651128452271223,0.006195128313079476
1772797784584472000,1.65047216796875,0.04744564178586006,-0.004712287610489875,0.008897994063608347
1772797784594497800,1.660497802734375,0.04444704449176788,-0.012413838431145996,-0.004298427846282721
1772797784604523800,1.670523681640625,0.0493786556750536,0.015720350896939635,0.001547412105090916
1772797784614550800,1.68055078125,0.0330786782592535,0.01146462968122214,0.01790438040513545
1772797784624576800,1.69057666015625,0.04925006085932254,-0.009073642891459167,0.00891110927350819
1772797784634602800,1.700602783203125,0.04073533049225807,-0.004136095157731324,-0.005653422651812434
1772797784644629000,1.71062890625,0.031896774998307224,0.0018520576074719428,0.007433109142817557
1772797784654656000,1.720656005859375,0.03264379397332668,-0.002331493421178311,0.003823723006621003
1772797784664682000,1.730681884765625,0.038036008405685426,0.013696151592954993,-0.010475618643872439
1772797784674708000,1.7407080078125,0.04626841470003128,0.00038523645792156455,-0.0008338570082560181
1772797784684734700,1.750734619140625,0.04357786044180393,0.005355572216399014,0.003946801397018134
1772797784694760700,1.7607607421875,0.03699731300771236,0.006002528350427747,0.020428492055274545
1772797784704786700,1.77078662109375,0.036247371423244475,-0.003930909708142281,0.011172880193032324
1772797784714814000,1.78081396484375,0.04103635926544666,0.00859901111703366,0.019863040192238984
1772797784724840000,1.79083984375,0.05600888746976852,-0.00912464242633432,0.007910809657163918
1772797784734866000,1.800865966796875,0.056619712844491,-0.0019968546393327414,0.007259067750163376
1772797784744893000,1.810892822265625,0.0500537784576416,0.008977781301550566,-0.009217508341558277
1772797784754919000,1.8209189453125,0.03958674497902393,-0.0008058547564782202,0.002446845162846148
1772797784764945000,1.83094482421875,0.04197802402973175,0.005564502259343862,0.0007868395287543535
1772797784774971000,1.840970947265625,0.0437666610121727,-0.004881177903991192,0.013744155453145503
1772797784784998000,1.850997802734375,0.031491116806864734,0.0019604498853906987,-0.0012470774516463278
1772797784795024000,1.86102392578125,0.048262218865752216,0.005960753301624208,-0.002851991897635162
1772797784805050600,1.871050537109375,0.05574877522885799,0.001889357410557568,-0.0009604059973731637
1772797784815077600,1.88107763671875,0.05456102674901485,-0.00901831424133852,-0.0025306144561618566
1772797784825103600,1.891103515625,0.03766132987439632,-0.011217888378538191,0.01467244927920401
1772797784835129900,1.9011298828125,0.04349427381157875,-0.002365687951724976,0.005135426659695803
1772797784845156600,1.911156494140625,0.036005379360914226,0.00899845876339823,-0.0031718349691480397
1772797784855182600,1.9211826171875,0.04079261363744736,0.009060381551086903,-0.005401420652121305
1772797784865208600,1.93120849609375,0.04363455906510353,-0.0017875775365158914,0.005991933891177177
1772797784875235600,1.941235595703125,0.0497661936879158,0.005232091967202723,0.013079006075300275
1772797784885261600,1.951261474609375,0.04886953710913658,0.005702887816727161,0.0084872213056311
1772797784895287800,1.961287841796875,0.04632686688899994,0.007733882187679409,0.014254991052113473
1772797784905313800,1.971313720703125,0.05276420646011829,0.00028747517187148333,0.005505903939902782
1772797784915340500,1.981340576171875,0.04184709112644195,-0.007338873254414647,0.0036190672799944873
1772797784925366500,1.991366455078125,0.05008183550834656,-0.0033287242976017296,0.006262567526102066
1772797784935392500,2.001392578125,0.05158347224295139,0.009092621586564927,0.006583835369721055
1772797784945419500,2.01141943359375,0.048286768785119054,0.013350114634260534,0.008381276713125408
1772797784955445500,2.021445556640625,0.031819618108868596,0.011225286233704536,0.001458089853823185
1772797784965471700,2.0314716796875,0.024784312644600865,0.01718309865957126,0.012323986456915735
1772797784975498800,2.041498779296875,0.04916764327287674,0.007874477968458086,0.008020517109334468
1772797784985524700,2.051524658203125,0.05978256078958511,0.005129691038653254,-0.0044093408748507494
1772797784995550700,2.06155078125,0.04376256935894489,-0.00818714238051325,0.002365304359234869
1772797785005577500,2.071577392578125,0.04554711468815803,-0.006662270900793374,0.008710252939164638
1772797785015603500,2.081603515625,0.03566811023056507,-0.00040520153371617195,0.004373502376489341
1772797785025629400,2.09162939453125,0.044802433800697324,0.01620382356494665,0.013049633850343524
1772797785035656700,2.10165673828125,0.04989712659120559,0.008597001823037862,-0.0021251754604279995
1772797785045682700,2.1116826171875,0.043614100798964495,0.0069101447146385905,0.0017888196455314754
1772797785055708700,2.121708740234375,0.03852466870546341,0.0012004435646347702,0.001881904756464064
1772797785065734700,2.131734619140625,0.05213233829736709,0.005967639700137079,0.0000062470776960253715
1772797785075761700,2.14176171875,0.047940731826424596,0.002693988324329257,-0.010355426330305636
1772797785085787600,2.15178759765625,0.04106266275048256,-0.00212477360162884,0.0002304477550089359
1772797785095813600,2.161813720703125,0.043003859946131706,0.005257628267258405,0.005399374825507402
1772797785105840600,2.171840576171875,0.04524900852441788,0.0016506167512387036,0.008848273170366882
1772797785115866600,2.18186669921875,0.039411972934007646,-0.0034819238316267727,0.017312698122300206
1772797785125892600,2.191892578125,0.04630173244774341,-0.00875845772875473,0.011451587536558509
1772797785135919600,2.201919677734375,0.054226095706224435,-0.008850976584106683,0.005422134646587073
1772797785145945600,2.211945556640625,0.04630290149152279,0.0035165202209725974,0.003977342665754258
1772797785155971600,2.2219716796875,0.04302840986549854,0.00019059066865593195,0.007477240545488893
1772797785165998600,2.23199853515625,0.043778935971856114,-0.005066873201820999,-0.0008692936478182673
1772797785176024600,2.242024658203125,0.04138590335547924,0.006976268753409385,-0.013452405964955687
1772797785186050600,2.252050537109375,0.03345043418109417,0.006517893994040787,0.001689450924284756
1772797785196077600,2.26207763671875,0.03747428286969662,0.01437547562662512,-0.004088328759558499
1772797785206103600,2.272103515625,0.043749709877371784,0.006009268618468195,0.012191007727012038
1772797785216129500,2.282129638671875,0.04313654641509056,-0.0034869653329253195,0.013194997137784957
1772797785226155500,2.292155517578125,0.03595569500029087,0.006656517013441771,0.003630575054697692
1772797785236182800,2.302182861328125,0.056012979122996326,0.002210990580357611,0.016424882437102495
1772797785246208800,2.312208740234375,0.048096214649081225,0.004887516313232481,0.00597264466881752
1772797785256234800,2.32223486328125,0.04511106135845184,-0.0001179272912442684,-0.002273570955172181
1772797785266261500,2.332261474609375,0.0611252075701952,-0.0019732363017275927,0.007393069393374026
1772797785276287500,2.34228759765625,0.03643441842794418,0.0003072758508846164,0.00814980604480952
1772797785286313500,2.3523134765625,0.03613455869853496,-0.006555960982106626,0.012336590210162103
1772797785296340700,2.3623408203125,0.05154898545145988,-0.0040672859715297814,0.007410531984828412
1772797785306366700,2.37236669921875,0.03285188376605511,0.0007368629071861505,-0.0008790113242343068
1772797785316392700,2.382392822265625,0.04109013527929783,0.0016475845439359546,0.004020451155118644
1772797785326418700,2.392418701171875,0.04513970293104648,-0.0040414026116020975,0.0033265506068244576
1772797785336445700,2.40244580078125,0.04814005379080772,0.003818133516050875,0.009458988947235047
1772797785346471400,2.412471435546875,0.039458734685182566,0.004965476920269429,-0.0000602057546377182
1772797785356497400,2.422497314453125,0.041402269968390464,0.00629223201200366,0.0054261532345786685
1772797785366524700,2.432524658203125,0.04049567651748657,0.009734006496332586,0.0028324469469487665
1772797785376550700,2.442550537109375,0.0385468805372715,0.00801485455352813,0.00938332989513874
1772797785386576600,2.45257666015625,0.038703532403707504,-0.008646978444606065,0.003673062489554286
1772797785396603600,2.462603759765625,0.04320142834484577,0.007425674755033105,0.0035185660475865006
1772797785406629600,2.472629638671875,0.04709609769582748,-0.0017985007893294095,0.0004230842502787709
1772797785416655600,2.482655517578125,0.047394788381457324,0.0006326901466585695,-0.0004193944558501243
1772797785426682600,2.4926826171875,0.0421498734652996,-0.0007632394574582577,-0.002560899996571243
1772797785436708600,2.50270849609375,0.040351299610733984,-0.0002712364231236279,0.010114201452955603
1772797785446734600,2.512734619140625,0.038844986701011656,-0.003990330011490732,0.011389445553161202
1772797785456760600,2.522760498046875,0.032112463575601574,-0.006982497564796358,-0.001893266400694847
1772797785466787600,2.53278759765625,0.03929214594662189,-0.015034268328920006,0.018848858181014654
1772797785476813600,2.5428134765625,0.04048515512347221,-0.0075083298034965985,0.014987798838689923
1772797785486839600,2.552839599609375,0.05455810413956642,-0.006196297356858849,0.0014530118199065326
1772797785496866800,2.56286669921875,0.06085691202282905,-0.0023841734564863143,0.014440138360671699
1772797785506892800,2.572892822265625,0.06131926883757114,0.002608118405472487,-0.005802914125099778
1772797785516918800,2.582918701171875,0.0447206007361412,0.014591584329027681,-0.001975391726195812
1772797785526945500,2.592945556640625,0.0433832146525383,0.004427278390340507,0.002207958373054862
1772797785536971500,2.602971435546875,0.03679916008710861,0.0132249904172495,-0.005389474486000836
1772797785546997500,2.61299755859375,0.03588262976408005,0.003728318074438721,0.005588613787293434
1772797785557023500,2.6230234375,0.036897359764575956,0.003188201582059264,0.01267912003751844
1772797785567050800,2.63305078125,0.04854980363547802,0.0028333237297832963,0.015314619640260934
1772797785577076700,2.64307666015625,0.050340194183588025,0.009241583336889743,0.01428279237449169
1772797785587102700,2.653102783203125,0.06231646318137645,-0.0039750959097407754,0.01592270506862551
1772797785597129500,2.66312939453125,0.05140110141336918,0.006277637231070548,0.01748235560078174
1772797785607155500,2.673155517578125,0.03405716790258884,0.01031860145125538,-0.0018818316912278532
1772797785617181400,2.683181396484375,0.04168927021622657,0.007075308681093156,0.0031586832266300917
1772797785627208700,2.693208740234375,0.047509939193725585,0.010432181360945104,-0.0047969154203310604
1772797785637234700,2.703234619140625,0.04539221638739109,0.0043787813398055726,0.003941723363101482
1772797785647260700,2.7132607421875,0.03444587495923042,0.0017823533721268176,0.0017752295115962624
1772797785657287700,2.72328759765625,0.04849602762162685,0.01617695382433012,0.009200155347958207
1772797785667313700,2.733313720703125,0.032787001836299894,-0.008126973158493637,0.0022954539934173226
1772797785677339600,2.743339599609375,0.0725923580020666,-0.01244843482049182,0.01086454489622265
1772797785687365600,2.75336572265625,0.047152211797237394,0.0064762468094006174,0.015421221819892524
1772797785697392600,2.763392578125,0.003908113354444504,-0.002421875118371099,0.027920674441568552
1772797785707418600,2.773418701171875,0.04058043219149112,0.0010444858179427684,0.0006503902001306414
1772797785717444600,2.783444580078125,0.06122866794466972,-0.014522062756773084,0.004858071023039519
1772797785727471600,2.7934716796875,0.04147825781404972,-0.004382124074362218,0.0050915509853512045
1772797785737497600,2.80349755859375,0.02441898646354675,0.004862199208885431,0.00999178064968437
1772797785747523600,2.813523681640625,0.040132103902101514,0.004019921432156116,0.013940226014517247
1772797785757550600,2.823550537109375,0.04491933817863464,-0.011343633650057017,0.011043116333521901
1772797785767576600,2.83357666015625,0.05524433283805847,-0.013826134648174046,0.0036048926241695877
1772797785777602600,2.8436025390625,0.03832943839430809,-0.0059345411481335755,0.006129296535253524
1772797785787628500,2.853628662109375,0.042671266990900035,0.008442377516906708,0.011941343814879655
1772797785797655600,2.863655517578125,0.04746960718333721,-0.004443023948743939,0.016021781528927383
1772797785807681300,2.873681396484375,0.036709143716096876,0.015475290094688534,0.00397884050309658
1772797785817707300,2.883707275390625,0.05181669647693634,0.010897442518826574,0.00642184974104166
1772797785827734500,2.893734619140625,0.03520750698149204,0.005420454146154225,0.003545417521893978
1772797785837760500,2.903760498046875,0.035649990051984784,0.009696816291101275,0.009578998597711325
1772797785847786500,2.913786376953125,0.04941255794465541,-0.0064441163717769085,0.011977401508949697
1772797785857813200,2.923813232421875,0.054641106247901916,-0.004180007364694029,0.0062867886519059534
1772797785867839200,2.933839111328125,0.04806055881381035,0.00259882085416466,0.000703800887800753
1772797785877865200,2.943865234375,0.0464157142162323,0.01013787458948791,0.0024808935629203914
1772797785887891200,2.95389111328125,0.04941606507599353,-0.0010013955948874353,-0.005013663443550467
1772797785897918500,2.96391845703125,0.04104278900623321,-0.0040640345685184,0.003316942528262734
1772797785907944400,2.9739443359375,0.040002340042591095,0.0009783435128629208,-0.0005846314875409007
1772797785917970400,2.983970458984375,0.04088087644279003,-0.00988620138335973,0.011805296345055102
1772797785927997400,2.99399755859375,0.04536240577101707,-0.010317907331511379,0.012926847720891237
1772797785938023400,3.0040234375,0.047453825092315674,-0.000822130037844181,-0.0014765388259664178
1772797785948049400,3.01404931640625,0.04386953686475754,-0.0013470306947827339,0.007472308642044663
1772797785958076400,3.024076416015625,0.03879471781849861,0.0027605324882082637,0.003295424816198647
1772797785968102400,3.034102294921875,0.029832828205823895,0.007921477181650698,0.014164609354920685
1772797785978128400,3.04412841796875,0.03957797715067863,0.011521730163320898,0.012118380882218479
1772797785988154400,3.054154296875,0.034490883144736285,0.007636193966865539,0.0028545491809025404
1772797785998181400,3.064181396484375,0.05302607226669788,-0.0076939155034720895,0.003288337488286197
1772797786008207400,3.074207275390625,0.05195230555534362,-0.003491038719844073,0.006813296744041145
1772797786018233300,3.0842333984375,0.04011924442052841,-0.00401036815252155,0.007936967011727393
1772797786028260400,3.09426025390625,0.05135258609652519,-0.0046028176203370096,0.004743723928369582
1772797786038286300,3.104286376953125,0.05286182161569595,0.010873970311693846,0.01022164388280362
1772797786048312300,3.114312255859375,0.034922260299324985,0.010803882483858614,0.004346650902181864
1772797786058339300,3.12433935546875,0.03447159392237663,0.00889152779020369,0.0005878463579341769
1772797786068365300,3.134365234375,0.04119534921944141,0.00706305198771879,-0.005312317596562206
1772797786078391300,3.144391357421875,0.049557519373297686,-0.004200757891777903,0.0020657003581523894
1772797786088417300,3.154417236328125,0.05224047484695911,-0.0004747413722798228,0.007140629002265632
1772797786098444500,3.164444580078125,0.03653144906163215,0.0004139145631343126,0.007048895598202943
1772797786108470500,3.174470458984375,0.03550327505767345,-0.00678693846007809,-0.003072173986956477
1772797786118496500,3.18449658203125,0.044054245781898496,-0.004881415366008878,0.005092829626984894
1772797786128523300,3.194523193359375,0.038974166038632393,0.005728460649400949,0.005978562952950597
1772797786138549200,3.20454931640625,0.03598667466044426,0.0013775354309007524,0.007196341244876384
1772797786148575200,3.2145751953125,0.037029461711645124,-0.00306733341505751,0.013250197923742234
1772797786158602500,3.2246025390625,0.03387479707300663,0.01049574811644852,0.0017378201106563209
1772797786168628500,3.23462841796875,0.036412206596136094,-0.01227324265036732,0.00226195358261466
1772797786178654500,3.244654541015625,0.052875850141048425,0.0008108779914677142,0.008729578694142402
1772797786188680400,3.254680419921875,0.05138824193179607,-0.0023587284879758954,0.004493000570312142
1772797786198707500,3.26470751953125,0.03927987098693848,-0.007808591391704976,0.0061483665619045495
1772797786208733400,3.2747333984375,0.03928805429339409,0.005552227299660444,-0.0009189780084416269
1772797786218759400,3.284759521484375,0.04332476246356964,-0.002699997940007597,0.0015405439728870987
1772797786228786400,3.294786376953125,0.04017652756571769,0.010794621465168892,0.004052344130724668
1772797786238812400,3.3048125,0.04255202452540397,0.001594228655193001,0.009583163316175342
1772797786248838400,3.31483837890625,0.04403846369087696,0.012857709741126745,0.014403167351149021
1772797786258865400,3.324865478515625,0.04388005825877189,-0.0010909005092456937,0.004555617477744817
1772797786268891400,3.334891357421875,0.051962826949357985,-0.0017684709772467612,-0.0014259776825085281
1772797786278917400,3.34491748046875,0.049421325773000714,-0.0013216770578175783,0.004965623050741851
1772797786288943400,3.354943359375,0.04133914160430431,0.009927264046110213,0.011890892269276082
1772797786298970400,3.364970458984375,0.03026186727285385,0.0070623396016657345,0.012913476782664655
1772797786308996400,3.374996337890625,0.038189153140783305,0.009804222188331187,-0.005247947123460471
1772797786319022300,3.385022216796875,0.05178863942623138,0.006943937386386096,0.0020624124225229025
1772797786329049300,3.39504931640625,0.05372457592487335,0.00954467620300129,0.0063598173554986715
1772797786339075300,3.405075439453125,0.04130173220336437,-0.0032415209381841123,0.004908632166497409
1772797786349101300,3.415101318359375,0.05162321973145008,-0.007251140172034502,0.005742233446426689
1772797786359128600,3.425128662109375,0.045341362982988354,-0.008564031135197728,-0.0003895107742398977
1772797786369154600,3.435154541015625,0.04878068978190422,0.001149170035123825,0.00015095277801156044
1772797786379180500,3.4451806640625,0.04339022891521454,-0.006296926453430205,0.011307868216931818
1772797786389206500,3.45520654296875,0.04563303940594196,0.0011600750216282903,0.019415990544483064
1772797786399233300,3.4652333984375,0.04922434189617633,0.0004842033203691244,0.012642368223704396
1772797786409259300,3.47525927734375,0.04922434189617633,-0.00974416256416589,0.008264810726605355
1772797786419285200,3.48528515625,0.036658290311694146,-0.0026140732222236693,-0.005054105051793158
1772797786429312500,3.4953125,0.03127250562012195,-0.006914820889756083,0.003279971518740058
1772797786439338500,3.50533837890625,0.043994624549150464,0.0008246507884934544,0.007965827780030667
1772797786449364500,3.515364501953125,0.0492389549434185,0.017903795883245765,-0.011012903858348726
1772797786459390500,3.525390380859375,0.032632688057422636,0.005234758848324418,-0.009794212250970304
1772797786469417200,3.535417236328125,0.032627427360415455,0.0034570451186969873,-0.0031094372574239967
1772797786479443200,3.545443115234375,0.04279167850017547,0.009262680923845619,0.004027903809212148
1772797786489469200,3.55546923828125,0.04891571433842182,0.004988784730620682,0.0018637480452656744
1772797786499496400,3.565496337890625,0.04770633854866028,-0.001751410244591534,0.01304170627221465
1772797786509522400,3.5755224609375,0.04155716826915741,0.0016981822200119495,0.005330620438233018
1772797786519548400,3.58554833984375,0.0475397498100996,0.010824066755361855,-0.004224705022946
1772797786529575400,3.595575439453125,0.05308218636810779,0.0019478643984533845,0.0030625659083947537
1772797786539601400,3.605601318359375,0.046050388035178184,-0.005431304333731532,0.004171111672185361
1772797786549627400,3.61562744140625,0.03497311370372772,-0.00013414777368307113,-0.002854439583048224
1772797786559653400,3.6256533203125,0.03945347398817539,-0.005278890250995755,0.002376812133938074
1772797786569680400,3.635680419921875,0.03974281232357025,-0.005059822406526655,0.004438932295516133
1772797786579706400,3.645706298828125,0.03480301783382892,0.005369144084025174,0.006010236732847988
1772797786589732400,3.655732421875,0.04991641581356525,-0.0034771015260368584,0.012740969759970903
1772797786599759400,3.66575927734375,0.052614568856358526,-0.0009390344157814979,0.012990304878540337
1772797786609785300,3.675785400390625,0.05215981082618236,0.007664232751261443,0.0010745704289525746
1772797786619811300,3.685811279296875,0.04603460594415664,0.007711505959089845,-0.005642353268526495
1772797786629837300,3.69583740234375,0.03706277945935726,-0.005496588122285902,0.0019685235939919947
1772797786639864300,3.7058642578125,0.03900163856744766,0.0018530805207788944,-0.0001121916702017188
1772797786649890300,3.715890380859375,0.040786183896660805,-0.0012235504455864429,0.0060385129792615766
1772797786659916300,3.725916259765625,0.040031566137075425,-0.0035213790591806173,0.015684256670251487
1772797786669943300,3.735943359375,0.04481821589171886,0.004708159424643963,0.004862308806739747
1772797786679969300,3.74596923828125,0.04212473902404308,0.010612506363913416,0.013587284391000867
1772797786689995300,3.755995361328125,0.03391162195205688,-0.005593454359192401,-0.00040832507256418466
1772797786700022500,3.7660224609375,0.059821139234304425,0.007472107712645083,-0.006642799015343189
1772797786710048500,3.776048583984375,0.038438159465789795,-0.0022580080598592757,0.005146496042981744
1772797786720074500,3.786074462890625,0.029320202508568764,0.0035794111230410632,0.010765468435920774
1772797786730100500,3.7961005859375,0.03949789765179157,0.002037424111738801,0.0013004881393164395
1772797786740127200,3.806127197265625,0.05865151093304157,-0.0028217246235348282,0.0014966682985424994
1772797786750153200,3.8161533203125,0.05865034188926219,0.001560454249754548,-0.005382533288560807
1772797786760179200,3.82617919921875,0.043541035562753676,0.00349344987263903,-0.0022400340117514133
1772797786770206500,3.83620654296875,0.05237783749103546,-0.00399767306772992,-0.005798530210927129
1772797786780232400,3.846232421875,0.03995791637897491,-0.0012350764865987002,-0.005614698076620698
1772797786790258400,3.856258544921875,0.03352349941730499,-0.0005733429085463285,0.003909793854877353
1772797786800284400,3.866284423828125,0.03726034785807133,0.006803652132861316,-0.00013257687110453844
1772797786810311700,3.876311767578125,0.032306524842977524,-0.00007633490553125739,-0.007887209585867822
1772797786820337400,3.88633740234375,0.04067863186895847,-0.00008260024953633546,-0.006724120623245835
1772797786830363400,3.89636328125,0.04111410067677498,0.012731288616172969,0.00020476532448083162
1772797786840390400,3.906390380859375,0.04589548973441124,0.002526431471388787,-0.001686601380072534
1772797786850416400,3.91641650390625,0.054123804375529286,-0.0036274515158496797,0.007093136598728597
1772797786860442400,3.9264423828125,0.04379471806287765,-0.0010616561484523117,0.0038768414333462714
1772797786870469600,3.9364697265625,0.04573942238986492,-0.0079623389150016,0.005200710448250174
1772797786880495600,3.94649560546875,0.04184241495132446,-0.0020770620023831724,0.005078910699486732
1772797786890521600,3.956521484375,0.04723287581801414,0.008442688044160604,-0.005437039954774081
1772797786900547600,3.966547607421875,0.03451367949843406,0.004322046183887869,-0.0004040872888639569
1772797786910574300,3.97657421875,0.01878945614397526,-0.000007635317184031009,0.006958148574829101
1772797786920600300,3.986600341796875,0.032843700459599494,0.005567954591754824,-0.002420285949483514
1772797786930626300,3.996626220703125,0.04465747237205505,0.00804895775252953,-0.008537197927199303
1772797786940653600,4.006653564453125,0.045995442977547644,-0.009524272735789418,0.00852791864220053
1772797786950679600,4.016679443359375,0.04268704908192158,-0.001065419008117169,0.008282273318059741
1772797786960705500,4.02670556640625,0.03998305082023144,0.007597615522146224,0.014552001237310468
1772797786970731500,4.0367314453125,0.03698796065747738,0.0034594562714919445,0.011156732775829731
1772797786980758500,4.046758544921875,0.03474865729808807,0.03080457758111879,0.007118526768311858
1772797786990784500,4.056784423828125,0.02354161910712719,0.006762041480839252,-0.00550433303732425
1772797787000810500,4.066810546875,0.06888181304633617,-0.015429076332785188,-0.0031978461932390925
1772797787010837500,4.07683740234375,0.07575345238149166,-0.0020227379992604254,-0.01568195511531085
1772797787020863500,4.086863525390625,0.0063052376240491865,-0.02176500135604292,0.01111526825428009
1772797787030889500,4.096889404296875,0.04565291315019131,0.0007439502350986004,0.011690985783003269
1772797787040915500,4.10691552734375,0.06810790606439113,-0.001826959698833525,0.002010609170049429
1772797787050942500,4.1169423828125,0.06393149716258048,-0.00428640861492604,-0.011726385889947413
1772797787060968400,4.126968505859375,0.025926468417048452,0.00847257172577083,0.013174100480228662
1772797787070994700,4.13699462890625,0.02233282783925533,-0.002139788507670164,0.01261551674939692
1772797787081021400,4.147021484375,0.047614568611979484,-0.0020072847018018365,0.0011074132526293396
1772797787091047400,4.15704736328125,0.04595452644526958,0.0007596592608839273,0.0045094037158414715
1772797787101073400,4.167073486328125,0.03397124318480491,0.00763754567373544,0.008800707701593637
1772797787111099400,4.177099365234375,0.027389526706933974,0.008719203430600463,-0.002578874044679105
1772797787121126400,4.18712646484375,0.05523965666294098,0.003672916359081864,-0.0017414733724668621
1772797787131152400,4.19715234375,0.04687514842152595,0.008011785813607276,-0.0030651231916621327
1772797787141178600,4.2071787109375,0.028914544317126274,0.014346359129995106,0.00007427081260830163
1772797787151205600,4.21720556640625,0.038027240577340124,0.0015124503895640373,0.010600450599938631
1772797787161231600,4.227231689453125,0.0369563964754343,-0.006452464075013995,0.002545665894821286
1772797787171257600,4.237257568359375,0.04636135368049144,-0.0019574907433241606,-0.001532762525230646
1772797787181284400,4.247284423828125,0.048741526815295214,-0.010780848668143153,0.00787376558240503
1772797787191310300,4.257310302734375,0.05413023411631584,-0.012385361255332827,0.010241590692289172
1772797787201336600,4.267336669921875,0.050553544673323625,-0.007192633184138685,0.011958039221353828
1772797787211362600,4.277362548828125,0.04173778553307056,-0.0013741744300350546,0.010666866899654268
1772797787221389600,4.2873896484375,0.04384323337972164,-0.005079970145411789,-0.00736157827656716
1772797787231415600,4.29741552734375,0.04098901299238205,0.001558152694813907,-0.000406315778568387
1772797787241441500,4.307441650390625,0.03124970926642418,0.002434734599944204,-0.000623721388913691
1772797787251468500,4.317468505859375,0.05637538269460201,0.0007892872141674161,-0.0017344956424087286
1772797787261494300,4.327494384765625,0.05142448228895664,-0.0072828322182409465,0.0010479016177356243
1772797787271520500,4.3375205078125,0.053663785648345945,0.00497176053058356,0.007056750111095607
1772797787281546500,4.34754638671875,0.050073652201890945,0.008696242680121213,0.008118716786801814
1772797787291573500,4.357573486328125,0.04079728981256485,-0.005236147087812423,0.005894976322725415
1772797787301599500,4.367599609375,0.05757014543712139,-0.0005925773319788277,0.008505268418975174
1772797787311625500,4.37762548828125,0.05399111790657043,0.00454557100776583,0.002301701071113348
1772797787321652500,4.387652587890625,0.05370119504928589,0.014887955193407833,0.006171747437492012
1772797787331678500,4.397678466796875,0.04608721291422844,0.01358406952060759,0.0010368322344496846
1772797787341704700,4.40770458984375,0.03278758635818958,0.015732297063060105,-0.008336305060237645
1772797787351730700,4.417730712890625,0.0500058476626873,0.009482789947930724,-0.008537015264108777
1772797787361757400,4.42775732421875,0.04865677114129066,0.009408464336395262,0.00020330401975661514
1772797787371783400,4.437783447265625,0.04326046505570411,-0.0032526816530153153,0.0028638649985194206
1772797787381809400,4.447809326171875,0.033977672925591465,0.005160688965115696,-0.001627929995395243
1772797787391836400,4.45783642578125,0.05177519542276859,0.0005266542226076126,0.007366875506192445
1772797787401862700,4.467862548828125,0.044590252354741094,0.011188260425254701,-0.00022708675414323805
1772797787411888600,4.477888671875,0.053576107364892954,0.01241515360539779,-0.00036240357160568235
1772797787421914600,4.48791455078125,0.03188566908240318,0.004587985377386212,0.0027570801557973024
1772797787431941600,4.497941650390625,0.03831950152218341,-0.009860445887595415,-0.0003566314179450273
1772797787441967400,4.50796728515625,0.05535305390954017,-0.0004976473238319159,-0.0012377981666475534
1772797787451993300,4.517993408203125,0.0393178649097681,0.007321264532487839,-0.006176021753810346
1772797787462020400,4.528020263671875,0.04289923052787781,0.0029290209229104218,-0.009999671695195137
1772797787472046600,4.538046630859375,0.055010524082183834,-0.006102719055581837,-0.012037205404788255
1772797787482072600,4.548072509765625,0.06368658249080181,0.0008986658727750182,0.0008643252117559314
1772797787492098600,4.5580986328125,0.037818566262722016,0.005410407676175236,-0.01286901658643037
1772797787502125600,4.56812548828125,0.035571079596877095,0.010119023758545518,-0.009690057756751776
1772797787512151600,4.578151611328125,0.056795653933286665,0.011313055848702788,-0.019668832794390616
1772797787522177500,4.588177490234375,0.04792202712595463,0.008898889112751931,-0.012187975519709288
1772797787532204300,4.598204345703125,0.03949263695478439,-0.008407397535070776,0.0035608342867344614
1772797787542230500,4.60823046875,0.04679156179130077,-0.005933408636972308,0.0001492722775787115
1772797787552256500,4.618256591796875,0.07371054837703704,-0.009097188163828105,-0.006586831044405698
1772797787562282500,4.628282470703125,0.04811141221821308,0.004154836390819401,0.007455430572479963
1772797787572309500,4.6383095703125,0.03001052286028862,0.0015698431326076386,0.002800261710397899
1772797787582335500,4.64833544921875,0.037352702316641805,0.0041418673113919795,-0.023631452815048394
1772797787592361500,4.658361572265625,0.048717561417818064,-0.002003101717028767,-0.016435001972317696
1772797787602387500,4.668387451171875,0.03161795805692673,0.0035503311590291556,-0.03586586129236966
1772797787612414700,4.678414794921875,0.05459668258428573,0.017271836388949306,0.018222287247888744
1772797787622440700,4.688440673828125,0.02072422359883785,-0.004249108811840415,0.007371149822510779
1772797787632466400,4.698466552734375,0.03759469437897205,-0.012445877537224441,-0.008208258233778179
1772797787642493400,4.708493408203125,0.04772796585857868,-0.018862375249713657,0.017204415442235766
1772797787652519400,4.71851953125,-0.0030249007791280746,0.03726374539155513,0.006577369096316397
1772797787662545400,4.72854541015625,0.01940671125948429,-0.04198509309133514,0.038384164256229994
1772797787672572700,4.73857275390625,0.11289338873028755,-0.013761344049964099,0.0668209349937737
1772797787682598700,4.7485986328125,0.031063831305503845,0.049880577315203845,-0.03949179670456797
1772797787692624600,4.758624755859375,0.01670271299779415,-0.033115393540449435,0.05794588341433555
1772797787702650600,4.768650634765625,0.061599254822731014,0.017921075811609625,0.0038798736406490206
1772797787712677400,4.778677490234375,0.05264379495084286,0.0352544879283756,0.007737206655927002
1772797787722703400,4.788703369140625,0.018692425510287283,-0.044942682521604,0.05322944935169071
1772797787732729300,4.798729248046875,0.06628361324667931,-0.00439942226903513,-0.032581505859456954
1772797787742755300,4.80875537109375,0.07481821735799313,0.020234887445624915,-0.02091229351684451
1772797787752782600,4.818782470703125,0.036955811953544616,0.017859664480574428,0.027848522520810364
1772797787762808600,4.82880859375,0.0155851071447134,0.019108166704326867,0.00844009422827512
1772797787772834600,4.83883447265625,0.06886018573641776,-0.008640146845020354,-0.021106099055893716
1772797787782861600,4.848861572265625,0.05431669659912586,0.00932250308599323,-0.0049169616034254425
1772797787792887600,4.858887451171875,0.013739771538972854,0.02094592179181054,0.032794491023011504
1772797787802913500,4.86891357421875,0.02436813305914402,0.01258744143238291,0.01272522420156747
1772797787812940500,4.8789404296875,0.07106850943565368,-0.01179724090276286,-0.002872888555191457
1772797787822966500,4.888966552734375,0.07239595864713191,0.01271455667708069,-0.012962576621398329
1772797787832992500,4.898992431640625,0.041107086414098735,0.004700122248660773,0.008299918572604656
1772797787843018500,4.9090185546875,0.020924130085110664,-0.0032899083908647297,0.008692680749855936
1772797787853045500,4.91904541015625,0.05326105006635189,-0.011048048236966132,-0.006392404450848699
1772797787863071500,4.929071533203125,0.06535773057341575,-0.008338058625906706,-0.010790091420523822
1772797787873097700,4.93909765625,0.043776597884297365,-0.00012152575412765145,0.016453085618279874
1772797787883123700,4.949123779296875,0.05289280127584934,-0.012145287155453115,0.03767210699673742
1772797787893150500,4.959150390625,0.02658405554294586,0.0030437881426885723,-0.005022979261167347
1772797787903176400,4.969176513671875,0.06700374421477318,-0.007820994215551763,0.025835465665347872
1772797787913202400,4.979202392578125,0.05384206482470035,-0.010356376178376377,0.018716463973000644
1772797787923229400,4.9892294921875,0.03815174373984337,0.005004548555333167,0.019565737746097146
1772797787933255400,4.99925537109375,0.035195816543698306,-0.009691062403749675,0.024340550932474433
1772797787943281700,5.00928173828125,0.043287353062629694,-0.0031330007961019872,0.014431735858507454
1772797787953307600,5.0193076171875,0.04674538456201553,0.012814747382234782,0.011566482620500028
1772797787963334700,5.029334716796875,0.043785950234532356,0.004837192631792277,0.013578370432183146
1772797787973360600,5.039360595703125,0.0403898780554533,0.0034636209899559615,0.01678279249668121
1772797787983386600,5.04938671875,0.04971066410839557,0.0017711743909865616,0.011692374022491276
1772797787993413400,5.059413330078125,0.058573184999823565,0.007508950858004391,0.005518325030058622
1772797788003439600,5.069439697265625,0.03361643839776516,0.0049746648737229405,0.014881415854766964
1772797788013465600,5.079465576171875,0.03469838841557502,0.019335308257397262,-0.0037531054558232425
1772797788023491600,5.08949169921875,0.04625964687168598,0.019942571701854466,0.007926336019858718
1772797788033518600,5.0995185546875,0.03566752570867538,0.01529649946168065,-0.03350684054344892
1772797788043544600,5.109544677734375,0.08311784366965293,-0.015030615067109464,0.008122552711702882
1772797788053570600,5.119570556640625,0.06425532228946686,-0.012097758219297974,-0.011525602620840071
1772797788063597600,5.12959765625,0.03868015152812004,-0.01445000216756016,-0.018900880629196763
1772797788073623600,5.13962353515625,0.04063596177101135,-0.015572649521939456,-0.0007965937377884983
1772797788083649500,5.1496494140625,0.06128712013363838,-0.016054843548312783,-0.0022919103294610976
1772797788093675500,5.159675537109375,0.032872926554083824,-0.005790292105544358,-0.011512122084759175
1772797788103702500,5.16970263671875,0.03872282162606716,-0.01074504670239985,0.03862619285117835
1772797788113728500,5.179728515625,0.010474047741293907,0.029064766442775725,0.005267638204619288
1772797788123754500,5.18975439453125,0.022183190235495566,-0.018967991048656402,0.08148699106480926
1772797788133780500,5.199780517578125,0.0298632233440876,0.012386895625293255,0.04445603151582181
1772797788143807700,5.209807861328125,0.01930734253823757,0.014371365707088262,0.03598879355229437
1772797788153833700,5.219833740234375,0.03660392977595329,0.015947912575118243,0.004734554241225123
1772797788163859700,5.229859619140625,0.09159867176711559,-0.005477097970526665,0.011476356651633978
1772797788173886500,5.239886474609375,0.09584989947080612,-0.007463102422282099,-0.03383000808320939
1772797788183912400,5.249912353515625,0.04250467825233936,0.04516330300234258,-0.08115238881558179
1772797788193938400,5.2599384765625,0.03355506359934807,-0.02362553453091532,-0.04897369160335511
1772797788203964400,5.26996435546875,0.09726502696573734,-0.007308624246623366,-0.056454147019237275
1772797788213991700,5.27999169921875,0.06219722071588039,-0.012367935196496545,-0.04503565803468227
1772797788224017700,5.290017578125,0.018896423649787903,-0.01422722626235336,-0.007668707996979355
1772797788234043600,5.300043701171875,0.04144318650066852,0.0016463424349203704,0.027540442952327427
1772797788244070700,5.310070556640625,0.04039747684001922,0.004919482354074716,0.00392557594589889
1772797788254096400,5.320096435546875,0.03640168520212173,-0.015390169094502925,0.0233668470621109
1772797788264122400,5.330122314453125,0.031655951979756354,0.022075839137192813,-0.001161591125279665
1772797788274148400,5.3401484375,0.0244996504843235,0.01782375291697681,-0.009588058687001466
1772797788284175600,5.350175537109375,0.017160393637418746,0.020001608412712812,0.00885196296479553
1772797788294201600,5.36020166015625,0.018627543580532074,0.021254458018019794,-0.006540763412974775
1772797788304227600,5.3702275390625,0.02995207067131996,0.001648351728916168,-0.0008283771155402063
1772797788314253600,5.380253662109375,0.053848494565486904,-0.020082893487997352,-0.004145283111184835
1772797788324280600,5.390280517578125,0.07477846986949443,-0.011630889626219868,0.0008629004396498202
1772797788334306600,5.400306640625,0.036033436411619185,0.006849427503347397,-0.0005638078952208161
1772797788344332500,5.41033251953125,0.004040799823403358,0.0014814159304834902,-0.008714198461920022
1772797788354359600,5.420359619140625,0.07408347334265708,0.006590940963942557,-0.00471522848624736
1772797788364385500,5.430385498046875,0.045346623679995535,0.019027995873894542,-0.0074546633874997496
1772797788374411500,5.44041162109375,-0.0019651625931262967,0.0016055720331147312,-0.0012970906058326363
1772797788384437500,5.4504375,0.03481061661839485,-0.014893891743849962,0.00804853762742132
1772797788394464500,5.460464599609375,0.07502338454127311,-0.007179682371020317,-0.0012242445653304456
1772797788404490500,5.470490478515625,0.060057286077737804,0.016749730477295815,-0.026927571750991044
1772797788414516500,5.4805166015625,0.0014162965387105942,-0.02796953681828454,0.009094429951161146
1772797788424543700,5.490543701171875,0.05574760618507862,0.0010151683919131756,0.0048867491282522674
1772797788434569500,5.500569580078125,0.07715981204807758,0.03150331870131194,-0.003639854339696467
1772797788444595500,5.510595458984375,0.008618775263428687,-0.003521689586434513,0.018971534712612627
1772797788454621400,5.520621337890625,0.015602642801403999,0.0313058964330703,0.09897183088362216
1772797788464648400,5.5306484375,-0.014154197558760642,-0.024411314613744614,-0.05970098345335573
1772797788474674400,5.54067431640625,0.20086744025945663,-0.006095503863506019,0.0022527473628520963
1772797788484700400,5.550700439453125,0.030846389162540434,-0.07498725378196686,-0.004350304163992405
1772797788494726700,5.5607265625,-0.005941080486774444,0.014441179540287702,-0.014854637445695698
1772797788504753700,5.570753662109375,0.06518880374729633,-0.027826968276128173,0.035461700938269496
1772797788514779600,5.580779541015625,0.08508066817522049,0.01443177239112556,0.07285415074340999
1772797788524805600,5.5908056640625,-0.032063363736867904,-0.01862089464403689,-0.09346165262740105
1772797788534832400,5.600832275390625,0.07612287021577357,0.023320158376172184,0.00503521768823266
1772797788544858400,5.6108583984375,0.06757189949154853,0.020246559617109597,-0.007142492165789008
1772797788554884400,5.62088427734375,0.014268179327249527,0.0006878726663067937,0.042639629743620754
1772797788564910600,5.63091064453125,0.013217793491482733,-0.03805968154221773,0.010186097645387053
1772797788574937600,5.6409375,0.08353869943022728,0.002788406875822693,0.026234511452913282
1772797788584963600,5.650963623046875,0.05660042362213134,0.01863346186466515,-0.01918459294140339
1772797788594989600,5.660989501953125,0.011748305460810661,0.01647946216855198,0.0034563509989529845
1772797788605016600,5.6710166015625,0.02076046395599842,-0.019574030650407075,0.021730331901460884
1772797788615042600,5.68104248046875,0.05726736309826374,0.008310732227563858,0.01377626762446016
1772797788625068500,5.691068603515625,0.02760229267477989,0.015817838188353923,0.03741626907214522
1772797788635094500,5.701094482421875,0.004555763608217239,-0.0008897153813391923,-0.02152823345810175
1772797788645121500,5.71112158203125,0.09134908092021941,0.009008760961703955,-0.03175192316751927
1772797788655147500,5.7211474609375,0.11780746425688265,0.029777718751411882,-0.03495619910154491
1772797788665173500,5.731173583984375,-0.04292085783779621,0.01549585795868188,0.02186254344638437
1772797788675199500,5.741199462890625,-0.011324527090787887,-0.010351499073859304,0.02036777484398335
1772797788685226500,5.7512265625,-0.016433248406648636,-0.009494242923706769,0.041640206910111006
1772797788695252700,5.761252685546875,0.20293080253005027,-0.004054883147682995,0.029656266062520444
1772797788705278700,5.77127880859375,0.20213760632574557,-0.029834654836729167,-0.055787865130230783
1772797788715305500,5.781305419921875,-0.10493746128976345,-0.0079025898180902,-0.03693571901358664
1772797788725331500,5.79133154296875,-0.1580254928767681,0.01692800965365022,-0.020349837328493593
1772797788735357400,5.801357421875,0.04631751453876495,0.019810798548348246,-0.02551375943031162
1772797788745383400,5.811383544921875,0.09722352591156959,0.00656739569157362,-0.007200359832867979
1772797788755410400,5.821410400390625,0.025876199534535408,-0.024540749679692088,0.048446160597912964
1772797788765436700,5.831436767578125,0.14050386471152304,-0.03608984277397394,0.05672942029666155
1772797788775462700,5.841462646484375,0.20374211891293526,-0.016920447401702402,0.0002463029112666845
1772797788785488600,5.851488525390625,0.02991758387982845,-0.00047956367786973714,-0.019020123094692826
1772797788795515600,5.861515625,-0.1159714810013771,0.005170187445823103,-0.0310331439062953
1772797788805541600,5.871541748046875,-0.02227145304083824,0.019363347041793166,-0.024054573597945272
1772797788815567000,5.881567138671875,0.05040273802578449,0.003839176304079592,-0.003159194683283567
1772797788825593900,5.89159375,0.059627077966928475,0.0036027371997013687,0.01954093209840357
1772797788835619800,5.901619873046875,0.05394318711161613,0.0033328707497566937,0.04019837407134473
1772797788845645800,5.911645751953125,0.12108312492668628,-0.034035193532798436,0.0410737321337685
1772797788855672000,5.921672119140625,0.11743278572559356,-0.02195772918285802,0.016411292303167284
1772797788865699000,5.931698974609375,0.02861936076283455,-0.01617249684492126,-0.0024377485409379004
1772797788875725000,5.94172509765625,-0.013650339689850806,-0.01065574271744117,-0.005917005491442978
1772797788885751000,5.9517509765625,0.008394903379678726,0.004688742338120937,-0.009635331894829869
1772797788895777000,5.961777099609375,0.02674187645316124,0.019873908646125347,-0.006482384289242327
1772797788905804000,5.971803955078125,0.044516602596640586,0.010504771673120557,0.02098546835090965
1772797788915830000,5.981830078125,0.07543079629838466,0.00285980987790972,0.021992015044949947
1772797788925856000,5.99185595703125,0.07177402735650538,-0.0126882897246629,0.022684527353756128
1772797788935883000,6.001883056640625,0.05905658460259437,-0.014695282165519892,0.01630414213426411
1772797788945909000,6.011908935546875,0.026417466804385184,0.0038134938735514875,-0.007523198579065501
1772797788955935000,6.02193505859375,0.007288987964391708,0.023719569489918647,-0.01769062805660069
1772797788965961000,6.0319609375,0.04058218575716018,0.026759229446761307,-0.01767342119347304
1772797788975988000,6.041988037109375,0.04403437203764915,0.031304252465255554,-0.010506086847372352
1772797788986014000,6.052013916015625,0.038079847547411914,0.01359075498972088,-0.0024715046800673005
1772797788996040200,6.062040283203125,0.05060439807772636,0.003346497416310012,0.01447674404401332
1772797789006066200,6.072066162109375,0.07532149070501327,-0.01140367500791326,0.01416552267037332
1772797789016093000,6.082093017578125,0.051450201252102847,-0.001836768706794828,0.0009088950058445334
1772797789026119000,6.092118896484375,0.022476035702228545,-0.0028782223174348472,-0.0028468773311004043
1772797789036145000,6.102144775390625,0.02307575516104698,0.010533084452152251,-0.008089417627081274
1772797789046172000,6.112171875,0.040676293781399725,0.006108874801732599,-0.012441767617687583
1772797789056198100,6.1221982421875,0.03550035244822502,0.002084167596604675,-0.0016752762684598564
1772797789066224000,6.13222412109375,0.04799859949350357,-0.006162230690475553,0.010848872403055428
1772797789076250000,6.14225,0.04422609521746635,-0.023197774105519056,0.013263641927205026
1772797789086277000,6.152277099609375,0.054878422135114666,-0.017453293903078884,0.01710190491583198
1772797789096303000,6.16230322265625,0.050286418169736856,-0.005199157811980694,0.004972746911272407
1772797789106329000,6.1723291015625,0.041942952716350554,-0.0008445062664337456,0.0005148907195776701
1772797789116354800,6.182354736328125,0.024734628283977506,0.012824081466160714,-0.006883950827457011
1772797789126382000,6.192382080078125,0.02693827580809593,0.014825520949065684,-0.01673241401631385
1772797789136408000,6.202407958984375,0.037352117794752115,0.007693495378363877,0.004422638747841119
1772797789146434000,6.21243408203125,0.04821662615835667,-0.0011380823855288327,0.004884593703784048
1772797789156460000,6.2224599609375,0.05581891785562038,-0.007636815021373331,0.002506247199885547
1772797789166487000,6.232487060546875,0.06285714592933654,-0.008152144132368266,0.0001017068088054657
1772797789176513000,6.242512939453125,0.06585808131098747,-0.010222191872075199,0.011990370588377118
1772797789186539000,6.2525390625,0.02397591887116432,-0.0014929602378048001,0.007264949501678347
1772797789196566000,6.26256591796875,0.007822071927785872,0.008791629345994442,0.002761646733060479
1772797789206592000,6.272592041015625,0.04431318897902965,0.01208362009609118,0.005434226943179965
1772797789216618000,6.282617919921875,0.06058744743168354,-0.002405819032713771,0.00950936742760241
1772797789226644000,6.29264404296875,0.04498597367405891,-0.005953483310621232,0.01212386077493429
1772797789236671000,6.3026708984375,0.03868365865945816,-0.008860840390995144,0.010820450026169418
1772797789246697000,6.312697021484375,0.03883504982888698,-0.009096676707174628,0.00646978053599596
1772797789256723000,6.322722900390625,0.06860942584574223,-0.002197272582259029,-0.00043250966574996707
1772797789266749000,6.3327490234375,0.04751753797829151,0.013047624556347727,0.004263977587409317
1772797789276776200,6.342776123046875,0.015644143855571745,-0.004907627519499511,0.0034060821164399384
1772797789286802200,6.35280224609375,0.032381343644857404,0.004471154064685106,-0.005859320487454534
1772797789296828000,6.362827880859375,0.055392801398038864,0.001636935285758227,-0.0022311565855517982
1772797789306855000,6.37285498046875,0.04235562517046928,-0.0013532229735516012,0.008967807896807789
1772797789316881000,6.382880859375,0.036815526700019835,-0.003204221135098487,0.00990172774605453
1772797789326907000,6.392906982421875,0.04565583575963974,0.008375139233283698,-0.0007594765977934002
1772797789336932900,6.402932861328125,0.0362462023794651,-0.0034104294979944824,0.006358904040046036
1772797789346960100,6.412960205078125,0.0241337397813797,0.004002458840701729,0.00006298223361372948
1772797789356986000,6.422986083984375,0.04508884952664375,0.0013990896755829453,-0.002236709543503821
1772797789367012000,6.43301220703125,0.05839899747669697,-0.005723053821921348,-0.004460303877107798
1772797789377038000,6.4430380859375,0.05612929897904396,0.005971128565166145,-0.00807217423133552
1772797789387064800,6.45306494140625,0.02722761414349079,0.00632375966142863,-0.0006492211563512683
1772797789397090800,6.4630908203125,0.04308569301068783,0.001974588008597493,0.0017517390381544828
1772797789407116800,6.47311669921875,0.03799041569828987,-0.0022836539577692746,0.0034229236533865333
1772797789417144000,6.48314404296875,0.03664484630823135,0.001423383866623044,0.012009952071681618
1772797789427170000,6.493170166015625,0.04981763161420822,-0.003545545386057347,0.012553667026944458
1772797789437196000,6.503196044921875,0.0432347460925579,-0.0011213687127456069,0.007950630210898816
1772797789447222000,6.513221923828125,0.04830488896369934,0.006884955474454909,0.005207103656418621
1772797789457249000,6.5232490234375,0.042459670066833495,0.0047781193883158265,0.009183825267665088
1772797789467275000,6.53327490234375,0.04230126463472843,0.001951755122281611,-0.0058180386289954185
1772797789477301200,6.54330126953125,0.042885786524415014,-0.005033409323636442,-0.0064029258448630565
1772797789487327000,6.553326904296875,0.04346680128276348,0.00409110523853451,-0.002966375524923205
1772797789497354000,6.56335400390625,0.03731412387192249,-0.00045455710077658295,-0.003820617734082043
1772797789507380000,6.5733798828125,0.03011807488799095,-0.01135965320309624,0.01618011389579624
1772797789517406000,6.583406005859375,0.04537468073070049,-0.008154372622072695,0.006651347647979855
1772797789527432000,6.593431884765625,0.05419453152418136,-0.011506258599553256,-0.0030615795277059077
1772797789537459000,6.603458984375,0.040270635589957235,-0.007138400512561201,0.004260908847488463
1772797789547485200,6.613485107421875,0.03025485301017761,-0.006235387258231639,0.00463489325903356
1772797789557511200,6.62351123046875,0.047314708882570264,0.002222900213859975,-0.006357479267939925
1772797789567538000,6.633537841796875,0.044164135897159576,0.0042089229319244624,0.0021589315995573996
1772797789577564000,6.64356396484375,0.025305121648311613,0.01285341715849936,-0.007490136559680104
1772797789587590000,6.65358984375,0.04865267948806286,0.008149513783864677,-0.01402213214430958
1772797789597615900,6.663615966796875,0.060464697834849354,0.0027994945254176855,-0.005523951053246856
1772797789607643100,6.67364306640625,0.03337327729165554,0.008449994567781687,0.0008216185811907052
1772797789617669000,6.683669189453125,0.03680675887167453,-0.0006393208168447018,0.017806801782175898
1772797789627695000,6.693695068359375,0.055503276035189626,-0.006041727849654853,0.0114832613164559
1772797789637721000,6.70372119140625,0.04995324069261551,-0.006431019428186118,0.0014273659219965337
1772797789647748000,6.713748046875,0.03513151913583278,-0.0022515600527636707,-0.00464508585948497
1772797789657774000,6.723774169921875,0.028388474616408345,0.008447272887732834,0.0053720484271645545
1772797789667800000,6.733800048828125,0.04649111754000187,-0.009800167067721485,-0.0030857275882735847
1772797789677826000,6.743825927734375,0.05472586192190647,-0.0028916115219704804,-0.0010206482846289873
1772797789687853000,6.75385302734375,0.04396130680143833,-0.008055387493316083,-0.021808109845407306
1772797789697879000,6.763879150390625,0.06536883648931979,0.003950673854537308,0.021941782695055007
1772797789707905000,6.773905029296875,0.04876724577844142,-0.008454177552554756,-0.01431910579688847
1772797789717931000,6.783930908203125,0.03381283775269985,0.018533399023674426,-0.01043126804549247
1772797789727958000,6.7939580078125,0.0179553434073925,-0.008854301052354276,0.00611508534681052
1772797789737984000,6.80398388671875,0.05624737240076065,0.009494498652033508,0.01870462740473449
1772797789748010000,6.814010009765625,0.06581482669115066,-0.0059561684580519796,0.015865641119144857
1772797789758037000,6.824037109375,0.03169979112148285,-0.006095978787541389,0.007491963190585375
1772797789768063000,6.83406298828125,0.03199848180711269,-0.004773315349034965,0.0045647506322711705
1772797789778089000,6.8440888671875,0.0705839407891035,-0.004019300377648323,0.01635612804982811
1772797789788115000,6.854114990234375,0.04378945736587048,-0.0021576894905418155,0.015349106431752442
1772797789798142000,6.864141845703125,0.03197510093152523,-0.0017114618266932666,-0.004297441465593874
1772797789808168400,6.87416845703125,0.022698154020309447,0.004227006577886641,-0.00012435703203082083
1772797789818194400,6.8841943359375,0.04080021242201328,0.0028839944710955024,-0.0027058248925954102
1772797789828220400,6.894220458984375,0.03825637315809727,0.00696401206003502,-0.00023391835372895
1772797789838247400,6.904247314453125,0.04498363558650016,0.006680171883665025,0.00466101408097893
1772797789848273400,6.9142734375,0.036133974176645274,-0.0011612075327895582,0.00822623228188604
1772797789858299400,6.92429931640625,0.05003273566961288,-0.012517846794892101,0.003447510105371475
1772797789868325400,6.934325439453125,0.04418167155385017,-0.0013595979154109954,0.010347389154322444
1772797789878352400,6.944352294921875,0.027872341787815093,0.008890742338914424,-0.007846183455735444
1772797789888378400,6.95437841796875,0.037753099811077113,-0.0046525933125056325,-0.0003000789251178503
1772797789898404400,6.964404296875,0.04403963273465633,0.0005402443565428257,0.0006106792442500591
1772797789908430300,6.974430419921875,0.04509060309231281,-0.009763250857125967,0.003000898849032819
1772797789918457600,6.98445751953125,0.04344108231961727,-0.003161952895950526,-0.0020059695275500417
1772797789928483600,6.994483642578125,0.02907937949001789,-0.0011661029036156832,-0.01640972140058875
1772797789938509600,7.004509521484375,0.05646072289049625,-0.006393829222954809,0.015623795187287032
1772797789948536300,7.014536376953125,0.044182256075739855,-0.015213570418581365,0.003629150282591581
1772797789958562300,7.024562255859375,0.05106617037057876,0.004334503806661815,-0.0016394743027165531
1772797789968588300,7.03458837890625,0.02861760719716549,-0.0044756658430211245,-0.0008519771868363023
1772797789978614300,7.0446142578125,0.03624152620434761,0.006934585036151111,-0.017749007180333138
1772797789988641500,7.0546416015625,0.05434884530305862,0.005574804457649588,-0.017379297085106372
1772797789998667500,7.06466748046875,0.04447743963003158,-0.001297547263558954,0.0065747022151947014
1772797790008693500,7.074693603515625,0.028618191719055174,-0.000743657974153757,0.008854812509007751
1772797790018719500,7.084719482421875,0.04492752148509025,0.008620053905062377,0.0007093538457527757
1772797790028746200,7.094746337890625,0.06363631360828877,0.008598390062525867,-0.0035575463511049745
1772797790038772200,7.104772216796875,0.04043897789418697,0.00793073820034042,-0.0019437179462984202
1772797790048798200,7.114798095703125,0.026233926931023596,-0.0053367031191475685,0.0003245192466303706
1772797790058824400,7.124824462890625,0.04015665382146835,-0.0019617285270243884,0.007620411875844001
1772797790068851500,7.1348515625,0.06380173330307007,0.004739467878360301,0.013183891221880913
1772797790078877400,7.14487744140625,0.037765374770760536,-0.0036084362881258127,-0.004885470486618578
1772797790088903400,7.1549033203125,0.04075754232406616,-0.0031845483202487227,-0.005270158955268562
1772797790098930400,7.164930419921875,0.046588732695579525,-0.005446812430117279,-0.005544409319385886
1772797790108956400,7.174956298828125,0.050930561292171474,0.0026002638925798236,-0.0034162747168913483
1772797790118982400,7.184982421875,0.021454291439056396,-0.006117149439733475,0.006490457997843623
1772797790129008600,7.195008544921875,0.0403115521222353,-0.0003923785847611725,0.009778466692566871
1772797790139034600,7.20503466796875,0.05273614940941333,0.0066830396941863,-0.004605557566694915
1772797790149061400,7.215061279296875,0.04617021502256393,0.0026893304155208167,-0.014288418397679924
1772797790159087400,7.22508740234375,0.044829906329512594,-0.0014019940187223255,0.01241129941418767
1772797790169113300,7.23511328125,0.034354689544439314,0.0033407252626493572,0.01685636918954551
1772797790179140400,7.245140380859375,0.0295668707460165,0.011427074149809776,0.005652838129922747
1772797790189166300,7.255166259765625,0.03689852880835533,0.012161507637891918,0.0019793372489511967
1772797790199192600,7.265192626953125,0.044829321807622904,-0.0023778898461721838,0.008102277108654379
1772797790209218600,7.275218505859375,0.04092939175963402,0.006781294170580804,0.0038746494762599464
1772797790219245300,7.285245361328125,0.02925064440369606,0.0032010975962504743,0.009947247388213872
1772797790229271300,7.295271240234375,0.05078501534163952,-0.0012650514997541904,-0.0077515639748424285
1772797790239297300,7.30529736328125,0.05047288065254688,-0.008016151461470871,0.002357047987543046
1772797790249323300,7.3153232421875,0.05060556712150573,-0.007538907604850828,-0.0056862289428710935
1772797790259350500,7.3253505859375,0.04132043690383434,0.02012932644560933,-0.043930473271757364
1772797790269376500,7.33537646484375,0.041457799547910686,-0.012983911670371889,0.05444163815304637
1772797790279402500,7.345402587890625,0.02246200717687607,-0.011515446553006767,0.006117167706042528
1772797790289428500,7.355428466796875,0.061521513411402697,0.009507102405279874,-0.0013687676025554538
1772797790299455500,7.36545556640625,0.04041033632159233,-0.02402655307985842,-0.0023182503471150992
1772797790309481500,7.3754814453125,0.03590776420533657,0.0033655857092700896,-0.007248144497349858
1772797790319507500,7.385507568359375,0.0541623828202486,0.0003679565295577049,0.00962886562142521
1772797790329533400,7.395533447265625,0.049689621320366854,0.004109992602095007,0.004966974757611751
1772797790339560400,7.405560546875,0.023814590829610825,0.008605660053528846,0.004998392809182405
1772797790349586400,7.41558642578125,0.02546177351474762,0.0021815452901646493,0.0134700512195006
1772797790359612400,7.4256123046875,0.041321605947613714,0.003979899949021638,0.003706343704648316
1772797790369639400,7.435639404296875,0.0477577764749527,-0.010854443627316504,0.00742591221705079
1772797790379665400,7.44566552734375,0.04250584729611873,-0.005812010747008025,0.003960537661425769
1772797790389691400,7.45569140625,0.05640285522341728,-0.012624467240832745,0.014645232478715478
1772797790399717400,7.46571728515625,0.063124856954813,-0.009154434776399285,0.014336239594779908
1772797790409744400,7.475744384765625,0.043696518385410305,0.010255509619787335,-0.020187011449597773
1772797790419770400,7.485770263671875,0.04506546865105629,-0.021370503879431634,0.04180292319115251
1772797790429796400,7.49579638671875,0.0474742833584547,0.010374532889574765,-0.005628361275792122
1772797790439822300,7.505822265625,0.045375265252590176,0.016836531977914272,-0.011088709040917456
1772797790449849300,7.515849365234375,0.018878887993097303,-0.014220650391094386,0.004822488253004849
1772797790459875300,7.525875244140625,0.058655602586269374,0.006039097501151263,-0.006481836299970746
1772797790469901300,7.5359013671875,0.06866144829392433,-0.002291946862079203,-0.001326718559116125
1772797790479927600,7.545927490234375,0.04711538691818714,-0.001367379363067448,0.00875800107102841
1772797790489954600,7.55595458984375,0.0447293685644865,0.00231076116040349,0.012788096837326884
1772797790499980500,7.56598046875,0.03815408182740211,0.0022571495433337985,-0.020860526796989142
1772797790510006500,7.576006591796875,0.03666238196492195,-0.011374759440682827,0.028365239871293305
1772797790520032500,7.586032470703125,0.02902618799805641,0.0018277634164318441,0.005630772428587079
1772797790530059300,7.596059326171875,0.043975919848680496,0.010604779715184122,0.002775602193176746
1772797790540085200,7.606085205078125,0.02975391775071621,-0.007018683123029768,0.0034977059226483104
1772797790550111500,7.616111572265625,0.05489069709479809,0.014859605881758033,-0.002367569381557405
1772797790560137500,7.626137451171875,0.0411176078081131,-0.03242350228615105,0.028852000474929806
1772797790570164500,7.63616455078125,0.053846740999817844,0.008774148488231003,-0.01318590051587671
1772797790580190500,7.6461904296875,0.09633329907357692,0.0028773820672184226,-0.021674035136960444
1772797790590216400,7.656216552734375,0.0387689988553524,0.09331670946506783,-0.1032170307053253
1772797790600242400,7.666242431640625,-0.32948329877853394,0.05392320376951247,-0.028610848662815987
1772797790610269200,7.676269287109375,-0.09872048647105693,0.056642363067716354,-0.08288487516399473
1772797790620295400,7.68629541015625,0.2402349895298481,-0.014593904150277375,0.01170388179719448
1772797790630321400,7.6963212890625,0.13401099556088447,-0.05514131085500121,0.06620247430186718
1772797790640347400,7.706347412109375,0.07584522231817245,-0.06971738708764315,0.10429101661238818
1772797790650374400,7.71637451171875,0.19288287124633788,-0.08564542591851204,0.10302702455855905
1772797790660400400,7.726400390625,0.22515374025404453,-0.07566507997829466,0.09006653029639274
1772797790670426400,7.73642626953125,0.17676701822578905,-0.07542422042712568,0.08734360813852399
1772797790680452400,7.746452392578125,0.0729804805368185,-0.05655123245185241,0.0328275530423969
1772797790690479600,7.756479736328125,-0.01700023463964462,0.019307561733946203,-0.02952467557210475
1772797790700505600,7.766505615234375,-0.0929880802989006,0.04243555853888392,-0.05038516583647579
